{
  "mean": [
    0.8737232089042664,
    0.6948365569114685,
    0.8344608545303345
  ],
  "std": [
    0.045965828001499176,
    0.04774462431669235,
    0.05122952535748482
  ],
  "num_images": 30
}