{
  "mean": [
    0.6534571647644043,
    0.6748860478401184,
    0.8106449246406555
  ],
  "std": [
    0.04832855239510536,
    0.035986170172691345,
    0.04917442426085472
  ],
  "num_images": 106
}